<?xml version="1.0" encoding="utf-8"?>
<extension version="2.5" type="plugin" group="system" method="upgrade">
    <name>PLG_SYSTEM_SSLREDIRECT</name>
    <author>Yireo</author>
    <creationDate>August 2012</creationDate>
    <copyright>Copyright (C) 2012 Yireo.com. All rights reserved.</copyright>
    <license>http://www.gnu.org/licenses/gpl-2.0.html GNU/GPL</license>
    <authorEmail>info@yireo.com</authorEmail>
    <authorUrl>www.yireo.com</authorUrl>
    <version>0.9.4</version>
    <description>PLG_SYSTEM_SSLREDIRECT_DESCRIPTION</description>

    <files>
        <filename plugin="sslredirect">sslredirect.php</filename>
        <folder>fields</folder>
    </files>

    <config>
        <fields addfieldpath="/plugins/system/sslredirect/fields" name="params">
            <fieldset name="basic">
                <field name="menu_items" type="menuitems" default="" label="PLG_SYSTEM_SSLREDIRECT_MENUITEMS" description="PLG_SYSTEM_SSLREDIRECT_MENUITEMS_DESC" />
                <field name="components" type="components" default="" label="PLG_SYSTEM_SSLREDIRECT_COMPONENTS" description="PLG_SYSTEM_SSLREDIRECT_COMPONENTS_DESC" />
                <field name="custom_pages" type="textarea" default="" label="PLG_SYSTEM_SSLREDIRECT_CUSTOM_PAGES" rows="10" cols="35" description="PLG_SYSTEM_SSLREDIRECT_CUSTOM_PAGES_DESC" />
		        <field name="loggedin" type="list" default="0" label="PLG_SYSTEM_SSLREDIRECT_LOGGEDIN" description="PLG_SYSTEM_SSLREDIRECT_LOGGEDIN_DESC">
        			<option value="0">No</option>
        			<option value="1">Yes</option>
		        </field>
            </fieldset>
            <fieldset name="advanced">
                <field name="custom_php" type="textarea" default="" label="PLG_SYSTEM_SSLREDIRECT_CUSTOM_PHP" rows="10" cols="35" description="PLG_SYSTEM_SSLREDIRECT_CUSTOM_PHP_DESC" />
                <field name="exclude_components" type="components" default="" label="PLG_SYSTEM_SSLREDIRECT_EXCLUDE_COMPONENTS" description="PLG_SYSTEM_SSLREDIRECT_EXCLUDE_COMPONENTS_DESC" />
            </fieldset>
            <fieldset name="system" label="PLG_SYSTEM_SSLREDIRECT_SYSTEM_FIELDSET_LABEL">
                <field name="all" type="list" default="0" label="PLG_SYSTEM_SSLREDIRECT_ALL" description="PLG_SYSTEM_SSLREDIRECT_ALL_DESC">
                    <option value="0">No</option>
                    <option value="1">Yes</option>
                </field>
                <field name="redirect_nonssl" type="list" default="1" label="PLG_SYSTEM_SSLREDIRECT_REDIRECT_NONSSL" description="PLG_SYSTEM_SSLREDIRECT_REDIRECT_NONSSL_DESC">
                    <option value="0">No</option>
                    <option value="1">Yes</option>
                </field>
                <field name="redirect_ssl" type="list" default="1" label="PLG_SYSTEM_SSLREDIRECT_REDIRECT_SSL" description="PLG_SYSTEM_SSLREDIRECT_REDIRECT_SSL_DESC">
                    <option value="0">No</option>
                    <option value="1">Yes</option>
                </field>
                <field name="redirect_admin" type="list" default="0" label="PLG_SYSTEM_SSLREDIRECT_REDIRECT_ADMIN" description="PLG_SYSTEM_SSLREDIRECT_REDIRECT_ADMIN_DESC">
                    <option value="0">No</option>
                    <option value="1">Yes</option>
                </field>
            </fieldset>
        </fields>
    </config>

	<updateservers>
		<server type="extension" priority="1" name="SSLRedirect">http://www.yireo.com/documents/plg_sslredirect.xml</server>
	</updateservers>

    <languages>
        <language tag="en-GB">en-GB.plg_system_sslredirect.ini</language>
        <language tag="en-GB">en-GB.plg_system_sslredirect.sys.ini</language>
    </languages>
</extension>
